CREATE DATABASE  IF NOT EXISTS `planificacion_academica` /*!40100 DEFAULT CHARACTER SET utf8mb4 COLLATE utf8mb4_0900_ai_ci */ /*!80016 DEFAULT ENCRYPTION='N' */;
USE `planificacion_academica`;
-- MySQL dump 10.13  Distrib 8.0.28, for Win64 (x86_64)
--
-- Host: localhost    Database: planificacion_academica
-- ------------------------------------------------------
-- Server version	8.0.28

/*!40101 SET @OLD_CHARACTER_SET_CLIENT=@@CHARACTER_SET_CLIENT */;
/*!40101 SET @OLD_CHARACTER_SET_RESULTS=@@CHARACTER_SET_RESULTS */;
/*!40101 SET @OLD_COLLATION_CONNECTION=@@COLLATION_CONNECTION */;
/*!50503 SET NAMES utf8 */;
/*!40103 SET @OLD_TIME_ZONE=@@TIME_ZONE */;
/*!40103 SET TIME_ZONE='+00:00' */;
/*!40014 SET @OLD_UNIQUE_CHECKS=@@UNIQUE_CHECKS, UNIQUE_CHECKS=0 */;
/*!40014 SET @OLD_FOREIGN_KEY_CHECKS=@@FOREIGN_KEY_CHECKS, FOREIGN_KEY_CHECKS=0 */;
/*!40101 SET @OLD_SQL_MODE=@@SQL_MODE, SQL_MODE='NO_AUTO_VALUE_ON_ZERO' */;
/*!40111 SET @OLD_SQL_NOTES=@@SQL_NOTES, SQL_NOTES=0 */;

--
-- Table structure for table `actividad`
--

DROP TABLE IF EXISTS `actividad`;
/*!40101 SET @saved_cs_client     = @@character_set_client */;
/*!50503 SET character_set_client = utf8mb4 */;
CREATE TABLE `actividad` (
  `ID` int NOT NULL AUTO_INCREMENT,
  `NOMBRE` varchar(35) NOT NULL,
  `DESCRIPCION` varchar(350) NOT NULL,
  `FECHA` date NOT NULL,
  `HORA` time NOT NULL,
  `LUGAR` varchar(45) NOT NULL,
  `ID_MODALIDAD` int NOT NULL,
  PRIMARY KEY (`ID`),
  KEY `FK_ACTIVIDAD_MODALIDAD` (`ID_MODALIDAD`),
  CONSTRAINT `FK_ACTIVIDAD_MODALIDAD` FOREIGN KEY (`ID_MODALIDAD`) REFERENCES `modalidad` (`ID`)
) ENGINE=InnoDB DEFAULT CHARSET=utf8mb4 COLLATE=utf8mb4_0900_ai_ci;
/*!40101 SET character_set_client = @saved_cs_client */;

--
-- Dumping data for table `actividad`
--

LOCK TABLES `actividad` WRITE;
/*!40000 ALTER TABLE `actividad` DISABLE KEYS */;
/*!40000 ALTER TABLE `actividad` ENABLE KEYS */;
UNLOCK TABLES;

--
-- Table structure for table `actividad_ejecucion`
--

DROP TABLE IF EXISTS `actividad_ejecucion`;
/*!40101 SET @saved_cs_client     = @@character_set_client */;
/*!50503 SET character_set_client = utf8mb4 */;
CREATE TABLE `actividad_ejecucion` (
  `ID` int NOT NULL AUTO_INCREMENT,
  `CEDULA_DOCENTE` char(18) DEFAULT NULL,
  `CEDULA_PADMIN` char(18) DEFAULT NULL,
  `ID_ACTIVIDAD` int NOT NULL,
  PRIMARY KEY (`ID`),
  KEY `FK_DE_DOCENTE` (`CEDULA_DOCENTE`),
  KEY `FK_DE_PADMIN` (`CEDULA_PADMIN`),
  KEY `FK_ACTIVIDAD_EJECUCION` (`ID_ACTIVIDAD`),
  CONSTRAINT `FK_ACTIVIDAD_EJECUCION` FOREIGN KEY (`ID_ACTIVIDAD`) REFERENCES `actividad` (`ID`),
  CONSTRAINT `FK_DE_DOCENTE` FOREIGN KEY (`CEDULA_DOCENTE`) REFERENCES `docente` (`CEDULA`) ON DELETE CASCADE ON UPDATE CASCADE,
  CONSTRAINT `FK_DE_PADMIN` FOREIGN KEY (`CEDULA_PADMIN`) REFERENCES `p_admin` (`CEDULA`) ON DELETE CASCADE ON UPDATE CASCADE
) ENGINE=InnoDB DEFAULT CHARSET=utf8mb4 COLLATE=utf8mb4_0900_ai_ci;
/*!40101 SET character_set_client = @saved_cs_client */;

--
-- Dumping data for table `actividad_ejecucion`
--

LOCK TABLES `actividad_ejecucion` WRITE;
/*!40000 ALTER TABLE `actividad_ejecucion` DISABLE KEYS */;
/*!40000 ALTER TABLE `actividad_ejecucion` ENABLE KEYS */;
UNLOCK TABLES;

--
-- Table structure for table `asignatura`
--

DROP TABLE IF EXISTS `asignatura`;
/*!40101 SET @saved_cs_client     = @@character_set_client */;
/*!50503 SET character_set_client = utf8mb4 */;
CREATE TABLE `asignatura` (
  `ID` int NOT NULL AUTO_INCREMENT,
  `DESCRIPCION` varchar(35) NOT NULL,
  PRIMARY KEY (`ID`)
) ENGINE=InnoDB DEFAULT CHARSET=utf8mb4 COLLATE=utf8mb4_0900_ai_ci;
/*!40101 SET character_set_client = @saved_cs_client */;

--
-- Dumping data for table `asignatura`
--

LOCK TABLES `asignatura` WRITE;
/*!40000 ALTER TABLE `asignatura` DISABLE KEYS */;
/*!40000 ALTER TABLE `asignatura` ENABLE KEYS */;
UNLOCK TABLES;

--
-- Table structure for table `bloque_clase`
--

DROP TABLE IF EXISTS `bloque_clase`;
/*!40101 SET @saved_cs_client     = @@character_set_client */;
/*!50503 SET character_set_client = utf8mb4 */;
CREATE TABLE `bloque_clase` (
  `ID` int NOT NULL AUTO_INCREMENT,
  `ID_DIA` int NOT NULL,
  `ID_HORARIO_BLOQUE` int NOT NULL,
  `ID_ASIGNATURA` int NOT NULL,
  `ID_GRADO` int NOT NULL,
  PRIMARY KEY (`ID`),
  KEY `FK_BC_DIA` (`ID_DIA`),
  KEY `FK_BC_HB` (`ID_HORARIO_BLOQUE`),
  KEY `FK_BC_ASIGNATURA` (`ID_ASIGNATURA`),
  KEY `FK_BC_GRADO` (`ID_GRADO`),
  CONSTRAINT `FK_BC_ASIGNATURA` FOREIGN KEY (`ID_ASIGNATURA`) REFERENCES `asignatura` (`ID`) ON DELETE CASCADE ON UPDATE CASCADE,
  CONSTRAINT `FK_BC_DIA` FOREIGN KEY (`ID_DIA`) REFERENCES `dia` (`ID`) ON DELETE CASCADE ON UPDATE CASCADE,
  CONSTRAINT `FK_BC_GRADO` FOREIGN KEY (`ID_GRADO`) REFERENCES `grupo_grado` (`ID`) ON DELETE CASCADE ON UPDATE CASCADE,
  CONSTRAINT `FK_BC_HB` FOREIGN KEY (`ID_HORARIO_BLOQUE`) REFERENCES `horario_bloque` (`ID`) ON DELETE CASCADE ON UPDATE CASCADE
) ENGINE=InnoDB DEFAULT CHARSET=utf8mb4 COLLATE=utf8mb4_0900_ai_ci;
/*!40101 SET character_set_client = @saved_cs_client */;

--
-- Dumping data for table `bloque_clase`
--

LOCK TABLES `bloque_clase` WRITE;
/*!40000 ALTER TABLE `bloque_clase` DISABLE KEYS */;
/*!40000 ALTER TABLE `bloque_clase` ENABLE KEYS */;
UNLOCK TABLES;

--
-- Table structure for table `cargo`
--

DROP TABLE IF EXISTS `cargo`;
/*!40101 SET @saved_cs_client     = @@character_set_client */;
/*!50503 SET character_set_client = utf8mb4 */;
CREATE TABLE `cargo` (
  `ID` int NOT NULL AUTO_INCREMENT,
  `DESCRIPCION` varchar(35) NOT NULL,
  PRIMARY KEY (`ID`)
) ENGINE=InnoDB AUTO_INCREMENT=16 DEFAULT CHARSET=utf8mb4 COLLATE=utf8mb4_0900_ai_ci;
/*!40101 SET character_set_client = @saved_cs_client */;

--
-- Dumping data for table `cargo`
--

LOCK TABLES `cargo` WRITE;
/*!40000 ALTER TABLE `cargo` DISABLE KEYS */;
INSERT INTO `cargo` VALUES (1,'DIRECTOR'),(2,'SUB-DIRECTOR'),(3,'SECRETARIA'),(4,'INSPECTOR'),(5,'SUB-DIRECTOR'),(6,'SECRETARIA'),(7,'INSPECTOR'),(8,'DIRECTOR'),(9,'SUB-DIRECTOR'),(10,'SECRETARIA'),(11,'INSPECTOR'),(12,'DIRECTOR'),(13,'SUB-DIRECTOR'),(14,'SECRETARIA'),(15,'INSPECTOR');
/*!40000 ALTER TABLE `cargo` ENABLE KEYS */;
UNLOCK TABLES;

--
-- Table structure for table `dia`
--

DROP TABLE IF EXISTS `dia`;
/*!40101 SET @saved_cs_client     = @@character_set_client */;
/*!50503 SET character_set_client = utf8mb4 */;
CREATE TABLE `dia` (
  `ID` int NOT NULL AUTO_INCREMENT,
  `DESCRIPCION` varchar(35) NOT NULL,
  PRIMARY KEY (`ID`)
) ENGINE=InnoDB AUTO_INCREMENT=13 DEFAULT CHARSET=utf8mb4 COLLATE=utf8mb4_0900_ai_ci;
/*!40101 SET character_set_client = @saved_cs_client */;

--
-- Dumping data for table `dia`
--

LOCK TABLES `dia` WRITE;
/*!40000 ALTER TABLE `dia` DISABLE KEYS */;
INSERT INTO `dia` VALUES (1,'LUNES'),(2,'MARTES'),(3,'MIERCOLES'),(4,'JUEVES'),(5,'VIERNES'),(6,'SABADO'),(7,'LUNES'),(8,'MARTES'),(9,'MIERCOLES'),(10,'JUEVES'),(11,'VIERNES'),(12,'SABADO');
/*!40000 ALTER TABLE `dia` ENABLE KEYS */;
UNLOCK TABLES;

--
-- Table structure for table `docente`
--

DROP TABLE IF EXISTS `docente`;
/*!40101 SET @saved_cs_client     = @@character_set_client */;
/*!50503 SET character_set_client = utf8mb4 */;
CREATE TABLE `docente` (
  `CEDULA` char(18) NOT NULL,
  `PRIMER_NOMBRE` varchar(35) NOT NULL,
  `SEGUNDO_NOMBRE` varchar(35) DEFAULT NULL,
  `PRIMER_APELLIDO` varchar(35) NOT NULL,
  `SEGUNDO_APELLIDO` varchar(35) DEFAULT NULL,
  `FECHA_NACIMIENTO` date NOT NULL,
  `TELEFONO` varchar(8) DEFAULT NULL,
  `DIRECCION` varchar(100) DEFAULT NULL,
  `USSER` varchar(20) NOT NULL,
  `CONTRA` varchar(20) NOT NULL,
  `SEXO` char(1) NOT NULL,
  `HORAS_LABORALES` int NOT NULL,
  `ESTADO` bit(1) NOT NULL,
  PRIMARY KEY (`CEDULA`)
) ENGINE=InnoDB DEFAULT CHARSET=utf8mb4 COLLATE=utf8mb4_0900_ai_ci;
/*!40101 SET character_set_client = @saved_cs_client */;

--
-- Dumping data for table `docente`
--

LOCK TABLES `docente` WRITE;
/*!40000 ALTER TABLE `docente` DISABLE KEYS */;
INSERT INTO `docente` VALUES ('001-190890-0001A','MEYLING','ESTEFANIA','PEREZ','VELASQUEZ','1990-08-19','54897450','DIRECCION','mey123','123','F',40,_binary ''),('001-200991-0012P','AURORA','ABIGAIL','ZAMORA','JARQUIN','1991-09-20','85967410','DIRECCION','auro123','123','F',40,_binary ''),('448-150492-0012Q','KARLA','ELIZABETH','JARQUIN','CALERO','1992-04-15','85974196','DIRECCION','karli123','123','F',40,_binary '');
/*!40000 ALTER TABLE `docente` ENABLE KEYS */;
UNLOCK TABLES;

--
-- Table structure for table `docente_asignatura`
--

DROP TABLE IF EXISTS `docente_asignatura`;
/*!40101 SET @saved_cs_client     = @@character_set_client */;
/*!50503 SET character_set_client = utf8mb4 */;
CREATE TABLE `docente_asignatura` (
  `ID` int NOT NULL AUTO_INCREMENT,
  `ID_ASIGNATURA` int NOT NULL,
  `CEDULA_DOCENTE` char(18) NOT NULL,
  PRIMARY KEY (`ID`),
  KEY `FK_DA_ASIGNATURA` (`ID_ASIGNATURA`),
  KEY `FK_DA_DOCENTE` (`CEDULA_DOCENTE`),
  CONSTRAINT `FK_DA_ASIGNATURA` FOREIGN KEY (`ID_ASIGNATURA`) REFERENCES `asignatura` (`ID`) ON DELETE CASCADE ON UPDATE CASCADE,
  CONSTRAINT `FK_DA_DOCENTE` FOREIGN KEY (`CEDULA_DOCENTE`) REFERENCES `docente` (`CEDULA`) ON DELETE CASCADE ON UPDATE CASCADE
) ENGINE=InnoDB DEFAULT CHARSET=utf8mb4 COLLATE=utf8mb4_0900_ai_ci;
/*!40101 SET character_set_client = @saved_cs_client */;

--
-- Dumping data for table `docente_asignatura`
--

LOCK TABLES `docente_asignatura` WRITE;
/*!40000 ALTER TABLE `docente_asignatura` DISABLE KEYS */;
/*!40000 ALTER TABLE `docente_asignatura` ENABLE KEYS */;
UNLOCK TABLES;

--
-- Table structure for table `estudiante`
--

DROP TABLE IF EXISTS `estudiante`;
/*!40101 SET @saved_cs_client     = @@character_set_client */;
/*!50503 SET character_set_client = utf8mb4 */;
CREATE TABLE `estudiante` (
  `CODIGO` varchar(20) NOT NULL,
  `PRIMER_NOMBRE` varchar(35) NOT NULL,
  `SEGUNDO_NOMBRE` varchar(35) DEFAULT NULL,
  `PRIMER_APELLIDO` varchar(35) NOT NULL,
  `SEGUNDO_APELLIDO` varchar(35) DEFAULT NULL,
  `FECHA_NACIMIENTO` date NOT NULL,
  `SEXO` char(1) NOT NULL,
  `ID_GRUPO_GRADO` int NOT NULL,
  PRIMARY KEY (`CODIGO`),
  KEY `FK_ESTUDIANTE_GRADO` (`ID_GRUPO_GRADO`),
  CONSTRAINT `FK_ESTUDIANTE_GRADO` FOREIGN KEY (`ID_GRUPO_GRADO`) REFERENCES `grupo_grado` (`ID`) ON DELETE CASCADE ON UPDATE CASCADE
) ENGINE=InnoDB DEFAULT CHARSET=utf8mb4 COLLATE=utf8mb4_0900_ai_ci;
/*!40101 SET character_set_client = @saved_cs_client */;

--
-- Dumping data for table `estudiante`
--

LOCK TABLES `estudiante` WRITE;
/*!40000 ALTER TABLE `estudiante` DISABLE KEYS */;
INSERT INTO `estudiante` VALUES ('AACV-290517-6274956','ANGEL','ANDREUS','CARDENAS','VALLECILLO','2017-12-29','M',2),('ADGM-170218-6664213','ANGEL','DAVID','GARCIA','MARIN','2018-02-17','M',2),('AGRG-301017-6665358','ANA','GABRIELA','RAMIREZ','GALLEGOS','2017-10-30','F',2),('AJPU-090317-6275367','ALLISON','JIMENA','PEREZ','URRUTIA','2017-03-09','F',2),('AJSR-200317-6275669','ARLI','JOSEABETH','SANCHEZ','RAMOS','2017-03-20','F',2),('ANMR-270316-5984755','AMY','NICOLE','MUÑO','RODRIGUEZ','2016-03-27','F',3),('ANRT-180117-6458338','ARIELA','NOHEMI','ROJA','TREMINIO','2017-01-18','F',3),('AOB-100917-6664437','ALEXA','OSLEN','BARAHONA','','2017-09-10','F',2),('ASBA-121016-6664985','ALEXANDRA','SHACHERY','BLANDON','ACEVEDO','2016-10-12','F',3),('AVMP-191216-6277919','ALEJANDRA','VICTORIA','MORA','PADILLA','2016-12-19','F',3),('CAHM-310817-6664272','CARLOS','ALBERTO','HERNANDEZ','MARTINEZ','2017-08-31','M',2),('CDRZ-020518-6662607','CAMILA','DAYALU','RIVERA','ZUNIGA','2018-05-02','F',1),('CECM-250117-6010566','CHRISTOPHER','ELIAS','CAMPOS','MURILLO','2017-01-25','M',3),('CIGM-220317-6664259','CARLOS','IVAN','GARCIA','MORA','2017-03-22','M',2),('CNAU-220617-6663929','CINTHIA','NOHEMI','AVILES','UMAÑ','2017-06-22','F',2),('CYRB-091116-6277858','CRISTY','YUSMARY','RIOS','BARRERA','2016-11-09','F',3),('DEBZ-141216-6665318','DERECK','ELEAZAR','BETANCOURT','ZUNIGA','2016-12-14','M',3),('DJPR-231016-6665123','DANIEL','JOSUE','POVEDA','RIVAS','2016-10-23','M',3),('DJSV-190317-6277439','DOLORES','JOEL','SUAREZ','VEGA','2017-03-19','M',2),('DMOC-150916-6215044','DULCE','MARIA','OJEDA','CAMPOS','2016-09-15','F',3),('DNAT-061216-6276716','DULCE','NATHALIA','AVENDAÑ','TORREZ','2016-12-06','F',3),('DPBL-161218-6663652','DIANA','PAOLA','BERMUDEZ','LIRA','2018-12-16','F',1),('DSRA-090518-6662349','DYRON','SAMIR','RIVAS','ARGUELLO','2018-05-09','M',1),('EECA-070718-6660620','ENGEL','EMILIO','CHEVEZ','AVELLAN','2018-07-07','M',1),('EECM-210118-6663878','ESTELA','ESMERALDA','COREA','MELENDEZ','2018-01-21','F',2),('EIRC-111017-6444752','ESDRAS','ISAIAS','RODRIGUEZ','CASTRO','2017-10-11','M',2),('EMRV-141016-6146492','ENOC','MICHAEL','RIVAS','VARGAS','2016-10-14','M',3),('ENFA-030416-6277996','ESTHER','NOHEMI','FLORES','ALANIZ','2016-04-03','F',3),('ENRB-111117-6275287','EVANS','NEFTALI','RAMOS','BRICEÑ','2017-11-11','M',2),('ESRU-200817-6299824','ENRIQUE','SAMUEL','RUIZ','URBINA','2017-08-20','M',2),('FJUA-231016-6277592','FELIZ','JUNIOR','URROZ','AMADOR','2016-10-23','M',3),('GECB-040816-6458342','GREYSIN','ESTHER','CASTILLO','BARAHONA','2016-08-04','F',3),('GUSS-080918-6662549','GENESIS','URIELCA','SORIANO','SOTELO','2018-09-08','F',1),('HAGA-061216-6073800','HARRY','ALEXANDER','GUTIERREZ','ALEMAN','2016-12-06','M',3),('HEVV-200318-6663476','HURIAS','ELIMILEC','VELASQUEZ','VANEGA','2018-03-20','M',1),('IAOZ-021116-6073806','ISMAEL','ANTONIO','ORTEGA','ZELEDON','2016-11-02','M',3),('IECG-300616-6665337','ISAI','EZEQUIEL','CRUZ','GOMEZ','2016-06-30','M',3),('IMOR-251016-6660638','ITZEL                       MAXWEL','MILAGRO','ORTIZ','RAMOS','2016-10-25','F',3),('IMOR-251016-6660643','ITZEL','MILAGRO','ORTIZ','RAMOS','2016-10-25','F',3),('JACM-241116-5986373','JIMENA','ADALIZ','CASTRO','MENA','2016-11-24','F',3),('JAEC-041016-6097080','JHOSUA','ANTONIO','ENGLISH','CENTENO','2016-10-04','M',3),('JAFA-010318-6663394','JOSEPH','ALFREDO','FLORES','ARAGON','2018-03-01','M',1),('JAGM-140217-6138305','JOSHUAN','ALEXANDER','GARCIA','MENDOZA','2017-02-14','M',3),('JAGN-220616-6035058','JOSTIN','ALEJNDRO','GUTIERREZ','NARVAEZ','2016-06-22','M',3),('JAMM-261116-6665261','JOSTIN','ANTONIO','MARTINEZ','MORALES','2016-11-26','M',3),('JASP-210417-6664253','JOEL','ALEXANDER','SOLIS','PINEDA','2017-04-21','M',2),('JBMU-310816-6276927','JOSEFA','BELEN','MANZANARES','URBINA','2016-08-31','F',3),('JCVL-280816-6035635','JOHANA','CLARISA','VALLECILLO','LOPEZ','2016-08-28','F',3),('JDTL-310517-6663586','JOSABETH','DE LOS ANGELES','TRUJILLO','LOPEZ','2017-05-31','F',2),('JDVP-230916-6035701','JABES','DE JESUS','VELASQUEZ','PINEDA','2016-09-23','M',3),('JDZG-200516-6138766','JANELI','DARAHI','ZAMORA','GUTIERREZ','2016-05-20','F',3),('JJAP-011216-6664857','JAIRO','JUWAN','ALONSO','PEREZ','2016-12-01','M',3),('JJLE-090117-6009002','JOSELING','JUNIETH','LOPEZ','ESPINOZA','2017-01-09','F',3),('JJZS-080417-6239112','JAIRO','JOSE','ZELEDON','SALINAS','2017-04-08','M',2),('JLCA-120417-6404906','JEIMY','LISMARLING','CORTEZ','AGUILAR','2017-04-12','F',2),('JLTU-090218-6663727','JOSE','LUIS','TREMINIO','URROZ','2018-02-09','M',2),('JMCG-290118-6663787','JUAN','MANUEL','CORDOBA','GUTIERREZ','2018-01-29','M',2),('JRM-090516-6274861','JUANITA','RAQUEL','MEJIA','','2016-05-09','F',3),('JROT-121217-6299673','JOSE','RAMON','OBANDO','TREMINIO','2017-12-12','M',2),('JSA-060818-6662443','JENNIFER','SASHARY','ALVARADO','','2018-08-06','F',1),('JUM-260817-6664248','JAFREE','USIAS','MORENO','','2017-08-26','M',2),('KBPE-300917-6276354','KRSHLA','BELEN','PINEDA','ESPINAL','2017-09-30','F',2),('KMIC-160916-6277660','KATIUSCA','MERCEDES','IZQUIERDO','CHAVARRIA','2016-09-16','F',3),('LDAR-010418-6662496','LOHANY','DANIELA','AGUIRRE','REYES','2018-04-01','F',1),('LET-160517-6276223','LEVIS','ENMANUEL','TREJO','','2017-05-16','M',2),('LMSR-191016-6073794','LIAM','MATEO','SOLANO','RODRIGUEZ','2016-10-19','F',3),('LNOZ-210716-6276287','LUCY','NICOLE','OROZCO','ZUNIGA','2016-07-21','F',3),('MACC-250617-6383976','MARIA','ALEXANDRA','CUTHBER','CAMPOS','2017-06-25','F',2),('MERG-011217-6664479','MARCOS','ESTEBAN','RIVERA','GAITAN','2017-12-01','M',2),('MJHR-210217-6665168','MAYERLING','JOSEFINA','HERNANDEZ','RIZO','2017-02-21','F',3),('MJT-300916-6277322','MARTHA','JUDEYLING','TORREZ','','2016-09-30','F',3),('MJVB-120916-6270676','MATEO','JOSE','VALLE','BRENES','2016-09-12','M',3),('NBGP-080616-5963140','NESLI','BRIGITTE','GARCIA','PORTOBANCO','2016-06-08','F',3),('NDVG-221116-6277741','NATHALY','DEL CARMEN','VELASQUEZ','GARCIA','2016-11-22','F',3),('NEGC-140716-6073770','NATHALIA','ELIZABETH','GALO','CALERO','2016-07-14','F',3),('NJBR-210618-6663329','NIVRAM','JAFET','BENDAÑ','RAMOS','2018-06-21','M',1),('NJZG-140918-6663356','NEHEMIAS','JOSUE','ZELEDON','GUTIERREZ','2018-09-14','M',1),('NLES-141216-5986014','NAYDELING','LISMARA','ESTRADA','SOLIS','2016-12-14','F',3),('NNAG-130816-6346109','NATHALY','NICOLE','ARGUELLO','GOMEZ','2016-08-13','F',3),('OAGC-190617-6275998','ORLANDO','ADOLFO','GARCIA','CAMPOS','2017-06-19','M',2),('PANR-191117-6663708','PAOLA','ALFONSINA','NAVARRO','RODRIGUEZ','2017-11-19','F',2),('RALM-130917-6274437','ROGER','ALFONSO','LOPEZ','MANZANARES','2017-09-13','M',2),('RIHZ-121017-6299729','REYNA','ISABEL','HERNANDEZ','ZELEDON','2017-10-12','F',2),('RISF-190317-6664031','RICHARD','ISMAEL','SABALLOS','FLORES','2017-03-19','M',2),('RJPE-201016-6665031','RUSBEL','JOSE','PALMA','ESPINOZA','2016-10-20','M',3),('RMMG-180718-6663111','ROXANA','MARGARITA','MENDEZ','GOMEZ','2018-07-18','F',1),('RNMA-110516-6008762','RUTH','NOEMI','MERCADO','ALVARADO','2016-05-11','F',3),('SAZG-081018-6662999','STEVEN','ANTONIO','ZAMORA','GUTIERREZ','2018-10-08','M',1),('SGCC-280717-6663973','STEVEN','GABRIEL','CASTILLO','CASTELLON','2017-07-28','M',2),('SNDM-010217-6277517','STAYCI','NOHEMI','DELGADILLO','MEJIA','2017-02-01','F',3),('SNG-140118-6664400','SOPHIA','NICOLE','GAMEZ','','2018-01-14','F',2),('SRH-110517-6673178','SERVANDO','RAFAEL','HERNANDEZ','','2017-05-11','M',2),('SYRE-150418-6663507','SNEYDER','YADIEL','RODRIGUEZ','ESPINOZA','2018-04-15','M',1),('TNM-180616-6205408','TRICHA','NAHOMI','MORENO','','2016-06-18','F',3),('VJMC-171016-6346077','VERONICA','JOHANNA','MUÑO','CASTILLO','2016-10-17','F',3),('VSCD-230717-6275037','VALESKA','SARAI','CORTEZ','DELGADILLO','2017-07-23','F',2),('WTAA-091117-6274904','WALTER','TADEO','ALVAREZ','AGUIRRE','2017-11-09','M',2),('YAIB-090817-6275743','YADER','ANTONIO','IBARRA','BUSTOS','2017-08-09','M',2),('YDBC-160817-6664004','YARIEL','DE JESUS','BERMUDEZ','CUADRA','2017-08-16','M',2),('YERS-190617-6664514','YEIMI','ELENA','REYES','SANCHEZ','2017-06-19','F',2),('YMGM-210317-6660906','YASER','MISAEL','GUTIERREZ','MARTINEZ','2017-03-21','M',2),('ZEEM-161116-6346032','ZAID','EFRAIN','ESCORCIA','MALTEZ','2016-11-16','M',3);
/*!40000 ALTER TABLE `estudiante` ENABLE KEYS */;
UNLOCK TABLES;

--
-- Table structure for table `grado`
--

DROP TABLE IF EXISTS `grado`;
/*!40101 SET @saved_cs_client     = @@character_set_client */;
/*!50503 SET character_set_client = utf8mb4 */;
CREATE TABLE `grado` (
  `ID` int NOT NULL AUTO_INCREMENT,
  `DESCRIPCION` varchar(40) DEFAULT NULL,
  `ID_MODALIDAD` int DEFAULT NULL,
  PRIMARY KEY (`ID`),
  KEY `FK_MODALIDAD_GRADO` (`ID_MODALIDAD`),
  CONSTRAINT `FK_MODALIDAD_GRADO` FOREIGN KEY (`ID_MODALIDAD`) REFERENCES `modalidad` (`ID`)
) ENGINE=InnoDB AUTO_INCREMENT=36 DEFAULT CHARSET=utf8mb4 COLLATE=utf8mb4_0900_ai_ci;
/*!40101 SET character_set_client = @saved_cs_client */;

--
-- Dumping data for table `grado`
--

LOCK TABLES `grado` WRITE;
/*!40000 ALTER TABLE `grado` DISABLE KEYS */;
INSERT INTO `grado` VALUES (1,'I NIVEL',9),(2,'II NIVEL',9),(3,'III NIVEL',9),(4,'PRIMERO',2),(5,'SEGUNDO',2),(6,'TERCERO',2),(7,'CUARTO',2),(8,'QUINTO',2),(9,'SEXTO',2),(10,'SEPTIMO',3),(11,'OCATVO',3),(12,'NOVENO',3),(13,'DECIMO',3),(14,'UNDECIMO',3);
/*!40000 ALTER TABLE `grado` ENABLE KEYS */;
UNLOCK TABLES;

--
-- Table structure for table `grupo_grado`
--

DROP TABLE IF EXISTS `grupo_grado`;
/*!40101 SET @saved_cs_client     = @@character_set_client */;
/*!50503 SET character_set_client = utf8mb4 */;
CREATE TABLE `grupo_grado` (
  `ID` int NOT NULL AUTO_INCREMENT,
  `ID_GRADO` int NOT NULL,
  `ID_SECCION` int NOT NULL,
  `ID_TURNO` int NOT NULL,
  `CEDULA_DOCENTE` char(18) DEFAULT NULL,
  `ANIO` date DEFAULT NULL,
  PRIMARY KEY (`ID`),
  KEY `FK_GRADO_SECCION` (`ID_SECCION`),
  KEY `FK_GRADO_TURNO` (`ID_TURNO`),
  KEY `FK_GRADO_DOCENTE` (`CEDULA_DOCENTE`),
  KEY `FK_GRUPO_GRADO` (`ID_GRADO`),
  CONSTRAINT `FK_GRADO_DOCENTE` FOREIGN KEY (`CEDULA_DOCENTE`) REFERENCES `docente` (`CEDULA`) ON DELETE CASCADE ON UPDATE CASCADE,
  CONSTRAINT `FK_GRADO_SECCION` FOREIGN KEY (`ID_SECCION`) REFERENCES `seccion` (`ID`) ON DELETE CASCADE ON UPDATE CASCADE,
  CONSTRAINT `FK_GRADO_TURNO` FOREIGN KEY (`ID_TURNO`) REFERENCES `turno` (`ID`) ON DELETE CASCADE ON UPDATE CASCADE,
  CONSTRAINT `FK_GRUPO_GRADO` FOREIGN KEY (`ID_GRADO`) REFERENCES `grado` (`ID`) ON DELETE CASCADE ON UPDATE CASCADE
) ENGINE=InnoDB AUTO_INCREMENT=4 DEFAULT CHARSET=utf8mb4 COLLATE=utf8mb4_0900_ai_ci;
/*!40101 SET character_set_client = @saved_cs_client */;

--
-- Dumping data for table `grupo_grado`
--

LOCK TABLES `grupo_grado` WRITE;
/*!40000 ALTER TABLE `grupo_grado` DISABLE KEYS */;
INSERT INTO `grupo_grado` VALUES (1,1,1,1,'448-150492-0012Q',NULL),(2,2,1,1,'001-190890-0001A',NULL),(3,3,1,1,'001-200991-0012P',NULL);
/*!40000 ALTER TABLE `grupo_grado` ENABLE KEYS */;
UNLOCK TABLES;

--
-- Table structure for table `horario_bloque`
--

DROP TABLE IF EXISTS `horario_bloque`;
/*!40101 SET @saved_cs_client     = @@character_set_client */;
/*!50503 SET character_set_client = utf8mb4 */;
CREATE TABLE `horario_bloque` (
  `ID` int NOT NULL AUTO_INCREMENT,
  `DESCRIPCION` varchar(35) NOT NULL,
  `HORARIO` varchar(35) NOT NULL,
  `ID_TURNO` int NOT NULL,
  PRIMARY KEY (`ID`),
  KEY `FK_HB_TURNO` (`ID_TURNO`),
  CONSTRAINT `FK_HB_TURNO` FOREIGN KEY (`ID_TURNO`) REFERENCES `turno` (`ID`) ON DELETE CASCADE ON UPDATE CASCADE
) ENGINE=InnoDB DEFAULT CHARSET=utf8mb4 COLLATE=utf8mb4_0900_ai_ci;
/*!40101 SET character_set_client = @saved_cs_client */;

--
-- Dumping data for table `horario_bloque`
--

LOCK TABLES `horario_bloque` WRITE;
/*!40000 ALTER TABLE `horario_bloque` DISABLE KEYS */;
/*!40000 ALTER TABLE `horario_bloque` ENABLE KEYS */;
UNLOCK TABLES;

--
-- Table structure for table `modalidad`
--

DROP TABLE IF EXISTS `modalidad`;
/*!40101 SET @saved_cs_client     = @@character_set_client */;
/*!50503 SET character_set_client = utf8mb4 */;
CREATE TABLE `modalidad` (
  `ID` int NOT NULL AUTO_INCREMENT,
  `DESCRIPCION` varchar(35) DEFAULT NULL,
  PRIMARY KEY (`ID`)
) ENGINE=InnoDB AUTO_INCREMENT=15 DEFAULT CHARSET=utf8mb4 COLLATE=utf8mb4_0900_ai_ci;
/*!40101 SET character_set_client = @saved_cs_client */;

--
-- Dumping data for table `modalidad`
--

LOCK TABLES `modalidad` WRITE;
/*!40000 ALTER TABLE `modalidad` DISABLE KEYS */;
INSERT INTO `modalidad` VALUES (1,'PRE-ESCOLAR FORMAL'),(2,'PRIMARIA REGULAR'),(3,'SECUNDARIA DIURNA'),(4,'SECUNDARIA A DISTANCIA JYA'),(5,'PRE-ESCOLAR FORMAL'),(6,'PRIMARIA REGULAR'),(7,'SECUNDARIA DIURNA'),(8,'SECUNDARIA A DISTANCIA JYA'),(9,'PREESCOLAR COMUNITARIO'),(10,'PRE-ESCOLAR FORMAL'),(11,'PRIMARIA REGULAR'),(12,'SECUNDARIA DIURNA'),(13,'SECUNDARIA A DISTANCIA JYA'),(14,'PREESCOLAR COMUNITARIO');
/*!40000 ALTER TABLE `modalidad` ENABLE KEYS */;
UNLOCK TABLES;

--
-- Table structure for table `p_admin`
--

DROP TABLE IF EXISTS `p_admin`;
/*!40101 SET @saved_cs_client     = @@character_set_client */;
/*!50503 SET character_set_client = utf8mb4 */;
CREATE TABLE `p_admin` (
  `CEDULA` char(18) NOT NULL,
  `PRIMER_NOMBRE` varchar(35) NOT NULL,
  `SEGUNDO_NOMBRE` varchar(35) DEFAULT NULL,
  `PRIMER_APELLIDO` varchar(35) NOT NULL,
  `SEGUNDO_APELLIDO` varchar(35) DEFAULT NULL,
  `FECHA_NACIMIENTO` date NOT NULL,
  `TELEFONO` varchar(8) DEFAULT NULL,
  `DIRECCION` varchar(100) DEFAULT NULL,
  `USSER` varchar(20) NOT NULL,
  `CONTRA` varchar(20) NOT NULL,
  `ESTADO` bit(1) NOT NULL,
  `ID_CARGO` int NOT NULL,
  PRIMARY KEY (`CEDULA`),
  KEY `FK_CARGO_PADMIN` (`ID_CARGO`),
  CONSTRAINT `FK_CARGO_PADMIN` FOREIGN KEY (`ID_CARGO`) REFERENCES `cargo` (`ID`) ON DELETE CASCADE ON UPDATE CASCADE
) ENGINE=InnoDB DEFAULT CHARSET=utf8mb4 COLLATE=utf8mb4_0900_ai_ci;
/*!40101 SET character_set_client = @saved_cs_client */;

--
-- Dumping data for table `p_admin`
--

LOCK TABLES `p_admin` WRITE;
/*!40000 ALTER TABLE `p_admin` DISABLE KEYS */;
/*!40000 ALTER TABLE `p_admin` ENABLE KEYS */;
UNLOCK TABLES;

--
-- Table structure for table `seccion`
--

DROP TABLE IF EXISTS `seccion`;
/*!40101 SET @saved_cs_client     = @@character_set_client */;
/*!50503 SET character_set_client = utf8mb4 */;
CREATE TABLE `seccion` (
  `ID` int NOT NULL AUTO_INCREMENT,
  `DESCRIPCION` varchar(35) NOT NULL,
  PRIMARY KEY (`ID`)
) ENGINE=InnoDB AUTO_INCREMENT=7 DEFAULT CHARSET=utf8mb4 COLLATE=utf8mb4_0900_ai_ci;
/*!40101 SET character_set_client = @saved_cs_client */;

--
-- Dumping data for table `seccion`
--

LOCK TABLES `seccion` WRITE;
/*!40000 ALTER TABLE `seccion` DISABLE KEYS */;
INSERT INTO `seccion` VALUES (1,'A'),(2,'B'),(3,'C'),(4,'A'),(5,'B'),(6,'C');
/*!40000 ALTER TABLE `seccion` ENABLE KEYS */;
UNLOCK TABLES;

--
-- Table structure for table `turno`
--

DROP TABLE IF EXISTS `turno`;
/*!40101 SET @saved_cs_client     = @@character_set_client */;
/*!50503 SET character_set_client = utf8mb4 */;
CREATE TABLE `turno` (
  `ID` int NOT NULL AUTO_INCREMENT,
  `DESCRIPCION` varchar(35) NOT NULL,
  `HORARIO` varchar(35) NOT NULL,
  PRIMARY KEY (`ID`)
) ENGINE=InnoDB AUTO_INCREMENT=9 DEFAULT CHARSET=utf8mb4 COLLATE=utf8mb4_0900_ai_ci;
/*!40101 SET character_set_client = @saved_cs_client */;

--
-- Dumping data for table `turno`
--

LOCK TABLES `turno` WRITE;
/*!40000 ALTER TABLE `turno` DISABLE KEYS */;
INSERT INTO `turno` VALUES (1,'MATUTINO','8:00 AM - 11:00 AM'),(2,'MATUTINO','7:00 AM - 12:00 MD'),(3,'VESPERTINO','12:30 AM - 5:15 PM'),(4,'SABATINO','8:00 AM - 4:00 PM'),(5,'MATURINO','8:00 AM - 11:00 AM'),(6,'MATURINO','7:00 AM - 12:00 MD'),(7,'VESPERTINO','12:30 AM - 5:15 PM'),(8,'SABATINO','8:00 AM - 4:00 PM');
/*!40000 ALTER TABLE `turno` ENABLE KEYS */;
UNLOCK TABLES;

--
-- Dumping events for database 'planificacion_academica'
--

--
-- Dumping routines for database 'planificacion_academica'
--
/*!40103 SET TIME_ZONE=@OLD_TIME_ZONE */;

/*!40101 SET SQL_MODE=@OLD_SQL_MODE */;
/*!40014 SET FOREIGN_KEY_CHECKS=@OLD_FOREIGN_KEY_CHECKS */;
/*!40014 SET UNIQUE_CHECKS=@OLD_UNIQUE_CHECKS */;
/*!40101 SET CHARACTER_SET_CLIENT=@OLD_CHARACTER_SET_CLIENT */;
/*!40101 SET CHARACTER_SET_RESULTS=@OLD_CHARACTER_SET_RESULTS */;
/*!40101 SET COLLATION_CONNECTION=@OLD_COLLATION_CONNECTION */;
/*!40111 SET SQL_NOTES=@OLD_SQL_NOTES */;

-- Dump completed on 2022-08-29 18:06:34
